vegetation,index,date,band,value
Dwarf Bamboo,0,2015-08-25,R,158
Dwarf Bamboo,0,2015-08-25,G,171
Dwarf Bamboo,0,2015-08-25,B,111
Dwarf Bamboo,0,2015-09-05,R,149
Dwarf Bamboo,0,2015-09-05,G,158
Dwarf Bamboo,0,2015-09-05,B,105
Dwarf Bamboo,0,2015-09-12,R,173
Dwarf Bamboo,0,2015-09-12,G,175
Dwarf Bamboo,0,2015-09-12,B,99
Dwarf Bamboo,0,2015-09-20,R,181
Dwarf Bamboo,0,2015-09-20,G,170
Dwarf Bamboo,0,2015-09-20,B,103
Dwarf Bamboo,0,2015-09-26,R,165
Dwarf Bamboo,0,2015-09-26,G,161
Dwarf Bamboo,0,2015-09-26,B,113
Dwarf Bamboo,0,2015-10-03,R,177
Dwarf Bamboo,0,2015-10-03,G,174
Dwarf Bamboo,0,2015-10-03,B,117
Dwarf Bamboo,0,2015-10-10,R,159
Dwarf Bamboo,0,2015-10-10,G,156
Dwarf Bamboo,0,2015-10-10,B,110
Dwarf Bamboo,1,2015-08-25,R,166
Dwarf Bamboo,1,2015-08-25,G,177
Dwarf Bamboo,1,2015-08-25,B,125
Dwarf Bamboo,1,2015-09-05,R,163
Dwarf Bamboo,1,2015-09-05,G,175
Dwarf Bamboo,1,2015-09-05,B,129
Dwarf Bamboo,1,2015-09-12,R,153
Dwarf Bamboo,1,2015-09-12,G,166
Dwarf Bamboo,1,2015-09-12,B,113
Dwarf Bamboo,1,2015-09-20,R,156
Dwarf Bamboo,1,2015-09-20,G,166
Dwarf Bamboo,1,2015-09-20,B,123
Dwarf Bamboo,1,2015-09-26,R,165
Dwarf Bamboo,1,2015-09-26,G,173
Dwarf Bamboo,1,2015-09-26,B,124
Dwarf Bamboo,1,2015-10-03,R,166
Dwarf Bamboo,1,2015-10-03,G,175
Dwarf Bamboo,1,2015-10-03,B,138
Dwarf Bamboo,1,2015-10-10,R,167
Dwarf Bamboo,1,2015-10-10,G,167
Dwarf Bamboo,1,2015-10-10,B,125
Dwarf Bamboo,2,2015-08-25,R,144
Dwarf Bamboo,2,2015-08-25,G,158
Dwarf Bamboo,2,2015-08-25,B,108
Dwarf Bamboo,2,2015-09-05,R,133
Dwarf Bamboo,2,2015-09-05,G,144
Dwarf Bamboo,2,2015-09-05,B,104
Dwarf Bamboo,2,2015-09-12,R,98
Dwarf Bamboo,2,2015-09-12,G,111
Dwarf Bamboo,2,2015-09-12,B,61
Dwarf Bamboo,2,2015-09-20,R,115
Dwarf Bamboo,2,2015-09-20,G,121
Dwarf Bamboo,2,2015-09-20,B,81
Dwarf Bamboo,2,2015-09-26,R,126
Dwarf Bamboo,2,2015-09-26,G,127
Dwarf Bamboo,2,2015-09-26,B,86
Dwarf Bamboo,2,2015-10-03,R,150
Dwarf Bamboo,2,2015-10-03,G,153
Dwarf Bamboo,2,2015-10-03,B,121
Dwarf Bamboo,2,2015-10-10,R,138
Dwarf Bamboo,2,2015-10-10,G,144
Dwarf Bamboo,2,2015-10-10,B,100
Dwarf Bamboo,3,2015-08-25,R,170
Dwarf Bamboo,3,2015-08-25,G,186
Dwarf Bamboo,3,2015-08-25,B,127
Dwarf Bamboo,3,2015-09-05,R,172
Dwarf Bamboo,3,2015-09-05,G,181
Dwarf Bamboo,3,2015-09-05,B,136
Dwarf Bamboo,3,2015-09-12,R,190
Dwarf Bamboo,3,2015-09-12,G,201
Dwarf Bamboo,3,2015-09-12,B,154
Dwarf Bamboo,3,2015-09-20,R,180
Dwarf Bamboo,3,2015-09-20,G,189
Dwarf Bamboo,3,2015-09-20,B,143
Dwarf Bamboo,3,2015-09-26,R,168
Dwarf Bamboo,3,2015-09-26,G,177
Dwarf Bamboo,3,2015-09-26,B,130
Dwarf Bamboo,3,2015-10-03,R,173
Dwarf Bamboo,3,2015-10-03,G,184
Dwarf Bamboo,3,2015-10-03,B,131
Dwarf Bamboo,3,2015-10-10,R,163
Dwarf Bamboo,3,2015-10-10,G,166
Dwarf Bamboo,3,2015-10-10,B,117
Dwarf Bamboo,4,2015-08-25,R,142
Dwarf Bamboo,4,2015-08-25,G,155
Dwarf Bamboo,4,2015-08-25,B,106
Dwarf Bamboo,4,2015-09-05,R,122
Dwarf Bamboo,4,2015-09-05,G,133
Dwarf Bamboo,4,2015-09-05,B,90
Dwarf Bamboo,4,2015-09-12,R,104
Dwarf Bamboo,4,2015-09-12,G,111
Dwarf Bamboo,4,2015-09-12,B,81
Dwarf Bamboo,4,2015-09-20,R,65
Dwarf Bamboo,4,2015-09-20,G,70
Dwarf Bamboo,4,2015-09-20,B,46
Dwarf Bamboo,4,2015-09-26,R,129
Dwarf Bamboo,4,2015-09-26,G,130
Dwarf Bamboo,4,2015-09-26,B,87
Dwarf Bamboo,4,2015-10-03,R,67
Dwarf Bamboo,4,2015-10-03,G,67
Dwarf Bamboo,4,2015-10-03,B,44
Dwarf Bamboo,4,2015-10-10,R,113
Dwarf Bamboo,4,2015-10-10,G,112
Dwarf Bamboo,4,2015-10-10,B,81
Dwarf Bamboo,5,2015-08-25,R,161
Dwarf Bamboo,5,2015-08-25,G,179
Dwarf Bamboo,5,2015-08-25,B,125
Dwarf Bamboo,5,2015-09-05,R,144
Dwarf Bamboo,5,2015-09-05,G,163
Dwarf Bamboo,5,2015-09-05,B,108
Dwarf Bamboo,5,2015-09-12,R,174
Dwarf Bamboo,5,2015-09-12,G,181
Dwarf Bamboo,5,2015-09-12,B,140
Dwarf Bamboo,5,2015-09-20,R,159
Dwarf Bamboo,5,2015-09-20,G,171
Dwarf Bamboo,5,2015-09-20,B,127
Dwarf Bamboo,5,2015-09-26,R,158
Dwarf Bamboo,5,2015-09-26,G,167
Dwarf Bamboo,5,2015-09-26,B,112
Dwarf Bamboo,5,2015-10-03,R,172
Dwarf Bamboo,5,2015-10-03,G,173
Dwarf Bamboo,5,2015-10-03,B,129
Dwarf Bamboo,5,2015-10-10,R,152
Dwarf Bamboo,5,2015-10-10,G,159
Dwarf Bamboo,5,2015-10-10,B,110
Dwarf Bamboo,6,2015-08-25,R,142
Dwarf Bamboo,6,2015-08-25,G,157
Dwarf Bamboo,6,2015-08-25,B,113
Dwarf Bamboo,6,2015-09-05,R,140
Dwarf Bamboo,6,2015-09-05,G,156
Dwarf Bamboo,6,2015-09-05,B,111
Dwarf Bamboo,6,2015-09-12,R,148
Dwarf Bamboo,6,2015-09-12,G,162
Dwarf Bamboo,6,2015-09-12,B,103
Dwarf Bamboo,6,2015-09-20,R,149
Dwarf Bamboo,6,2015-09-20,G,156
Dwarf Bamboo,6,2015-09-20,B,103
Dwarf Bamboo,6,2015-09-26,R,151
Dwarf Bamboo,6,2015-09-26,G,149
Dwarf Bamboo,6,2015-09-26,B,100
Dwarf Bamboo,6,2015-10-03,R,151
Dwarf Bamboo,6,2015-10-03,G,154
Dwarf Bamboo,6,2015-10-03,B,103
Dwarf Bamboo,6,2015-10-10,R,146
Dwarf Bamboo,6,2015-10-10,G,145
Dwarf Bamboo,6,2015-10-10,B,102
Dwarf Bamboo,7,2015-08-25,R,166
Dwarf Bamboo,7,2015-08-25,G,186
Dwarf Bamboo,7,2015-08-25,B,134
Dwarf Bamboo,7,2015-09-05,R,155
Dwarf Bamboo,7,2015-09-05,G,172
Dwarf Bamboo,7,2015-09-05,B,120
Dwarf Bamboo,7,2015-09-12,R,183
Dwarf Bamboo,7,2015-09-12,G,193
Dwarf Bamboo,7,2015-09-12,B,139
Dwarf Bamboo,7,2015-09-20,R,170
Dwarf Bamboo,7,2015-09-20,G,181
Dwarf Bamboo,7,2015-09-20,B,132
Dwarf Bamboo,7,2015-09-26,R,167
Dwarf Bamboo,7,2015-09-26,G,171
Dwarf Bamboo,7,2015-09-26,B,121
Dwarf Bamboo,7,2015-10-03,R,185
Dwarf Bamboo,7,2015-10-03,G,195
Dwarf Bamboo,7,2015-10-03,B,137
Dwarf Bamboo,7,2015-10-10,R,157
Dwarf Bamboo,7,2015-10-10,G,163
Dwarf Bamboo,7,2015-10-10,B,116
Dwarf Bamboo,8,2015-08-25,R,133
Dwarf Bamboo,8,2015-08-25,G,148
Dwarf Bamboo,8,2015-08-25,B,117
Dwarf Bamboo,8,2015-09-05,R,132
Dwarf Bamboo,8,2015-09-05,G,148
Dwarf Bamboo,8,2015-09-05,B,121
Dwarf Bamboo,8,2015-09-12,R,134
Dwarf Bamboo,8,2015-09-12,G,147
Dwarf Bamboo,8,2015-09-12,B,99
Dwarf Bamboo,8,2015-09-20,R,131
Dwarf Bamboo,8,2015-09-20,G,140
Dwarf Bamboo,8,2015-09-20,B,100
Dwarf Bamboo,8,2015-09-26,R,130
Dwarf Bamboo,8,2015-09-26,G,139
Dwarf Bamboo,8,2015-09-26,B,108
Dwarf Bamboo,8,2015-10-03,R,129
Dwarf Bamboo,8,2015-10-03,G,135
Dwarf Bamboo,8,2015-10-03,B,90
Dwarf Bamboo,8,2015-10-10,R,128
Dwarf Bamboo,8,2015-10-10,G,132
Dwarf Bamboo,8,2015-10-10,B,100
Dwarf Bamboo,9,2015-08-25,R,164
Dwarf Bamboo,9,2015-08-25,G,181
Dwarf Bamboo,9,2015-08-25,B,127
Dwarf Bamboo,9,2015-09-05,R,155
Dwarf Bamboo,9,2015-09-05,G,167
Dwarf Bamboo,9,2015-09-05,B,121
Dwarf Bamboo,9,2015-09-12,R,170
Dwarf Bamboo,9,2015-09-12,G,180
Dwarf Bamboo,9,2015-09-12,B,128
Dwarf Bamboo,9,2015-09-20,R,162
Dwarf Bamboo,9,2015-09-20,G,169
Dwarf Bamboo,9,2015-09-20,B,118
Dwarf Bamboo,9,2015-09-26,R,167
Dwarf Bamboo,9,2015-09-26,G,174
Dwarf Bamboo,9,2015-09-26,B,123
Dwarf Bamboo,9,2015-10-03,R,156
Dwarf Bamboo,9,2015-10-03,G,158
Dwarf Bamboo,9,2015-10-03,B,102
Dwarf Bamboo,9,2015-10-10,R,159
Dwarf Bamboo,9,2015-10-10,G,163
Dwarf Bamboo,9,2015-10-10,B,114
Other Vegetation,0,2015-08-25,R,119
Other Vegetation,0,2015-08-25,G,141
Other Vegetation,0,2015-08-25,B,94
Other Vegetation,0,2015-09-05,R,126
Other Vegetation,0,2015-09-05,G,142
Other Vegetation,0,2015-09-05,B,95
Other Vegetation,0,2015-09-12,R,173
Other Vegetation,0,2015-09-12,G,175
Other Vegetation,0,2015-09-12,B,93
Other Vegetation,0,2015-09-20,R,245
Other Vegetation,0,2015-09-20,G,182
Other Vegetation,0,2015-09-20,B,93
Other Vegetation,0,2015-09-26,R,211
Other Vegetation,0,2015-09-26,G,145
Other Vegetation,0,2015-09-26,B,89
Other Vegetation,0,2015-10-03,R,193
Other Vegetation,0,2015-10-03,G,147
Other Vegetation,0,2015-10-03,B,114
Other Vegetation,0,2015-10-10,R,170
Other Vegetation,0,2015-10-10,G,134
Other Vegetation,0,2015-10-10,B,110
Other Vegetation,1,2015-08-25,R,152
Other Vegetation,1,2015-08-25,G,166
Other Vegetation,1,2015-08-25,B,110
Other Vegetation,1,2015-09-05,R,141
Other Vegetation,1,2015-09-05,G,150
Other Vegetation,1,2015-09-05,B,107
Other Vegetation,1,2015-09-12,R,163
Other Vegetation,1,2015-09-12,G,160
Other Vegetation,1,2015-09-12,B,104
Other Vegetation,1,2015-09-20,R,177
Other Vegetation,1,2015-09-20,G,153
Other Vegetation,1,2015-09-20,B,104
Other Vegetation,1,2015-09-26,R,180
Other Vegetation,1,2015-09-26,G,151
Other Vegetation,1,2015-09-26,B,110
Other Vegetation,1,2015-10-03,R,188
Other Vegetation,1,2015-10-03,G,163
Other Vegetation,1,2015-10-03,B,124
Other Vegetation,1,2015-10-10,R,185
Other Vegetation,1,2015-10-10,G,162
Other Vegetation,1,2015-10-10,B,130
Other Vegetation,2,2015-08-25,R,126
Other Vegetation,2,2015-08-25,G,141
Other Vegetation,2,2015-08-25,B,84
Other Vegetation,2,2015-09-05,R,133
Other Vegetation,2,2015-09-05,G,143
Other Vegetation,2,2015-09-05,B,91
Other Vegetation,2,2015-09-12,R,169
Other Vegetation,2,2015-09-12,G,156
Other Vegetation,2,2015-09-12,B,90
Other Vegetation,2,2015-09-20,R,208
Other Vegetation,2,2015-09-20,G,154
Other Vegetation,2,2015-09-20,B,98
Other Vegetation,2,2015-09-26,R,170
Other Vegetation,2,2015-09-26,G,127
Other Vegetation,2,2015-09-26,B,91
Other Vegetation,2,2015-10-03,R,188
Other Vegetation,2,2015-10-03,G,152
Other Vegetation,2,2015-10-03,B,108
Other Vegetation,2,2015-10-10,R,166
Other Vegetation,2,2015-10-10,G,133
Other Vegetation,2,2015-10-10,B,102
Other Vegetation,3,2015-08-25,R,133
Other Vegetation,3,2015-08-25,G,165
Other Vegetation,3,2015-08-25,B,90
Other Vegetation,3,2015-09-05,R,143
Other Vegetation,3,2015-09-05,G,163
Other Vegetation,3,2015-09-05,B,94
Other Vegetation,3,2015-09-12,R,168
Other Vegetation,3,2015-09-12,G,163
Other Vegetation,3,2015-09-12,B,102
Other Vegetation,3,2015-09-20,R,180
Other Vegetation,3,2015-09-20,G,142
Other Vegetation,3,2015-09-20,B,106
Other Vegetation,3,2015-09-26,R,175
Other Vegetation,3,2015-09-26,G,133
Other Vegetation,3,2015-09-26,B,108
Other Vegetation,3,2015-10-03,R,163
Other Vegetation,3,2015-10-03,G,132
Other Vegetation,3,2015-10-03,B,102
Other Vegetation,3,2015-10-10,R,160
Other Vegetation,3,2015-10-10,G,135
Other Vegetation,3,2015-10-10,B,108
Other Vegetation,4,2015-08-25,R,125
Other Vegetation,4,2015-08-25,G,152
Other Vegetation,4,2015-08-25,B,114
Other Vegetation,4,2015-09-05,R,128
Other Vegetation,4,2015-09-05,G,149
Other Vegetation,4,2015-09-05,B,110
Other Vegetation,4,2015-09-12,R,153
Other Vegetation,4,2015-09-12,G,164
Other Vegetation,4,2015-09-12,B,122
Other Vegetation,4,2015-09-20,R,159
Other Vegetation,4,2015-09-20,G,161
Other Vegetation,4,2015-09-20,B,116
Other Vegetation,4,2015-09-26,R,171
Other Vegetation,4,2015-09-26,G,154
Other Vegetation,4,2015-09-26,B,108
Other Vegetation,4,2015-10-03,R,180
Other Vegetation,4,2015-10-03,G,163
Other Vegetation,4,2015-10-03,B,124
Other Vegetation,4,2015-10-10,R,183
Other Vegetation,4,2015-10-10,G,164
Other Vegetation,4,2015-10-10,B,128
Other Vegetation,5,2015-08-25,R,158
Other Vegetation,5,2015-08-25,G,180
Other Vegetation,5,2015-08-25,B,109
Other Vegetation,5,2015-09-05,R,146
Other Vegetation,5,2015-09-05,G,166
Other Vegetation,5,2015-09-05,B,95
Other Vegetation,5,2015-09-12,R,202
Other Vegetation,5,2015-09-12,G,207
Other Vegetation,5,2015-09-12,B,135
Other Vegetation,5,2015-09-20,R,244
Other Vegetation,5,2015-09-20,G,205
Other Vegetation,5,2015-09-20,B,163
Other Vegetation,5,2015-09-26,R,154
Other Vegetation,5,2015-09-26,G,114
Other Vegetation,5,2015-09-26,B,69
Other Vegetation,5,2015-10-03,R,165
Other Vegetation,5,2015-10-03,G,117
Other Vegetation,5,2015-10-03,B,83
Other Vegetation,5,2015-10-10,R,160
Other Vegetation,5,2015-10-10,G,114
Other Vegetation,5,2015-10-10,B,90
Other Vegetation,6,2015-08-25,R,125
Other Vegetation,6,2015-08-25,G,156
Other Vegetation,6,2015-08-25,B,130
Other Vegetation,6,2015-09-05,R,124
Other Vegetation,6,2015-09-05,G,150
Other Vegetation,6,2015-09-05,B,121
Other Vegetation,6,2015-09-12,R,149
Other Vegetation,6,2015-09-12,G,151
Other Vegetation,6,2015-09-12,B,111
Other Vegetation,6,2015-09-20,R,139
Other Vegetation,6,2015-09-20,G,125
Other Vegetation,6,2015-09-20,B,109
Other Vegetation,6,2015-09-26,R,141
Other Vegetation,6,2015-09-26,G,111
Other Vegetation,6,2015-09-26,B,100
Other Vegetation,6,2015-10-03,R,147
Other Vegetation,6,2015-10-03,G,119
Other Vegetation,6,2015-10-03,B,116
Other Vegetation,6,2015-10-10,R,158
Other Vegetation,6,2015-10-10,G,128
Other Vegetation,6,2015-10-10,B,125
Other Vegetation,7,2015-08-25,R,150
Other Vegetation,7,2015-08-25,G,176
Other Vegetation,7,2015-08-25,B,105
Other Vegetation,7,2015-09-05,R,141
Other Vegetation,7,2015-09-05,G,156
Other Vegetation,7,2015-09-05,B,99
Other Vegetation,7,2015-09-12,R,149
Other Vegetation,7,2015-09-12,G,154
Other Vegetation,7,2015-09-12,B,96
Other Vegetation,7,2015-09-20,R,192
Other Vegetation,7,2015-09-20,G,143
Other Vegetation,7,2015-09-20,B,82
Other Vegetation,7,2015-09-26,R,178
Other Vegetation,7,2015-09-26,G,120
Other Vegetation,7,2015-09-26,B,92
Other Vegetation,7,2015-10-03,R,159
Other Vegetation,7,2015-10-03,G,114
Other Vegetation,7,2015-10-03,B,98
Other Vegetation,7,2015-10-10,R,152
Other Vegetation,7,2015-10-10,G,107
Other Vegetation,7,2015-10-10,B,90
Other Vegetation,8,2015-08-25,R,125
Other Vegetation,8,2015-08-25,G,144
Other Vegetation,8,2015-08-25,B,94
Other Vegetation,8,2015-09-05,R,133
Other Vegetation,8,2015-09-05,G,145
Other Vegetation,8,2015-09-05,B,95
Other Vegetation,8,2015-09-12,R,172
Other Vegetation,8,2015-09-12,G,170
Other Vegetation,8,2015-09-12,B,96
Other Vegetation,8,2015-09-20,R,232
Other Vegetation,8,2015-09-20,G,176
Other Vegetation,8,2015-09-20,B,94
Other Vegetation,8,2015-09-26,R,191
Other Vegetation,8,2015-09-26,G,134
Other Vegetation,8,2015-09-26,B,89
Other Vegetation,8,2015-10-03,R,201
Other Vegetation,8,2015-10-03,G,163
Other Vegetation,8,2015-10-03,B,124
Other Vegetation,8,2015-10-10,R,183
Other Vegetation,8,2015-10-10,G,147
Other Vegetation,8,2015-10-10,B,117
Other Vegetation,9,2015-08-25,R,123
Other Vegetation,9,2015-08-25,G,139
Other Vegetation,9,2015-08-25,B,95
Other Vegetation,9,2015-09-05,R,127
Other Vegetation,9,2015-09-05,G,140
Other Vegetation,9,2015-09-05,B,96
Other Vegetation,9,2015-09-12,R,150
Other Vegetation,9,2015-09-12,G,151
Other Vegetation,9,2015-09-12,B,102
Other Vegetation,9,2015-09-20,R,182
Other Vegetation,9,2015-09-20,G,137
Other Vegetation,9,2015-09-20,B,102
Other Vegetation,9,2015-09-26,R,165
Other Vegetation,9,2015-09-26,G,119
Other Vegetation,9,2015-09-26,B,95
Other Vegetation,9,2015-10-03,R,168
Other Vegetation,9,2015-10-03,G,133
Other Vegetation,9,2015-10-03,B,104
Other Vegetation,9,2015-10-10,R,146
Other Vegetation,9,2015-10-10,G,118
Other Vegetation,9,2015-10-10,B,97
No Vegetation,0,2015-08-25,R,224
No Vegetation,0,2015-08-25,G,233
No Vegetation,0,2015-08-25,B,238
No Vegetation,0,2015-09-05,R,222
No Vegetation,0,2015-09-05,G,231
No Vegetation,0,2015-09-05,B,236
No Vegetation,0,2015-09-12,R,232
No Vegetation,0,2015-09-12,G,237
No Vegetation,0,2015-09-12,B,240
No Vegetation,0,2015-09-20,R,222
No Vegetation,0,2015-09-20,G,229
No Vegetation,0,2015-09-20,B,236
No Vegetation,0,2015-09-26,R,221
No Vegetation,0,2015-09-26,G,230
No Vegetation,0,2015-09-26,B,235
No Vegetation,0,2015-10-03,R,224
No Vegetation,0,2015-10-03,G,231
No Vegetation,0,2015-10-03,B,233
No Vegetation,0,2015-10-10,R,212
No Vegetation,0,2015-10-10,G,220
No Vegetation,0,2015-10-10,B,227
No Vegetation,1,2015-08-25,R,207
No Vegetation,1,2015-08-25,G,214
No Vegetation,1,2015-08-25,B,220
No Vegetation,1,2015-09-05,R,201
No Vegetation,1,2015-09-05,G,208
No Vegetation,1,2015-09-05,B,216
No Vegetation,1,2015-09-12,R,210
No Vegetation,1,2015-09-12,G,212
No Vegetation,1,2015-09-12,B,216
No Vegetation,1,2015-09-20,R,203
No Vegetation,1,2015-09-20,G,208
No Vegetation,1,2015-09-20,B,213
No Vegetation,1,2015-09-26,R,201
No Vegetation,1,2015-09-26,G,206
No Vegetation,1,2015-09-26,B,210
No Vegetation,1,2015-10-03,R,207
No Vegetation,1,2015-10-03,G,210
No Vegetation,1,2015-10-03,B,214
No Vegetation,1,2015-10-10,R,186
No Vegetation,1,2015-10-10,G,193
No Vegetation,1,2015-10-10,B,199
No Vegetation,2,2015-08-25,R,192
No Vegetation,2,2015-08-25,G,200
No Vegetation,2,2015-08-25,B,209
No Vegetation,2,2015-09-05,R,191
No Vegetation,2,2015-09-05,G,195
No Vegetation,2,2015-09-05,B,206
No Vegetation,2,2015-09-12,R,165
No Vegetation,2,2015-09-12,G,168
No Vegetation,2,2015-09-12,B,182
No Vegetation,2,2015-09-20,R,150
No Vegetation,2,2015-09-20,G,160
No Vegetation,2,2015-09-20,B,178
No Vegetation,2,2015-09-26,R,178
No Vegetation,2,2015-09-26,G,182
No Vegetation,2,2015-09-26,B,190
No Vegetation,2,2015-10-03,R,145
No Vegetation,2,2015-10-03,G,151
No Vegetation,2,2015-10-03,B,165
No Vegetation,2,2015-10-10,R,170
No Vegetation,2,2015-10-10,G,174
No Vegetation,2,2015-10-10,B,182
No Vegetation,3,2015-08-25,R,221
No Vegetation,3,2015-08-25,G,230
No Vegetation,3,2015-08-25,B,235
No Vegetation,3,2015-09-05,R,219
No Vegetation,3,2015-09-05,G,226
No Vegetation,3,2015-09-05,B,232
No Vegetation,3,2015-09-12,R,221
No Vegetation,3,2015-09-12,G,226
No Vegetation,3,2015-09-12,B,231
No Vegetation,3,2015-09-20,R,216
No Vegetation,3,2015-09-20,G,219
No Vegetation,3,2015-09-20,B,226
No Vegetation,3,2015-09-26,R,216
No Vegetation,3,2015-09-26,G,223
No Vegetation,3,2015-09-26,B,227
No Vegetation,3,2015-10-03,R,215
No Vegetation,3,2015-10-03,G,220
No Vegetation,3,2015-10-03,B,224
No Vegetation,3,2015-10-10,R,205
No Vegetation,3,2015-10-10,G,212
No Vegetation,3,2015-10-10,B,220
No Vegetation,4,2015-08-25,R,182
No Vegetation,4,2015-08-25,G,190
No Vegetation,4,2015-08-25,B,200
No Vegetation,4,2015-09-05,R,181
No Vegetation,4,2015-09-05,G,183
No Vegetation,4,2015-09-05,B,195
No Vegetation,4,2015-09-12,R,150
No Vegetation,4,2015-09-12,G,153
No Vegetation,4,2015-09-12,B,166
No Vegetation,4,2015-09-20,R,139
No Vegetation,4,2015-09-20,G,146
No Vegetation,4,2015-09-20,B,166
No Vegetation,4,2015-09-26,R,168
No Vegetation,4,2015-09-26,G,168
No Vegetation,4,2015-09-26,B,178
No Vegetation,4,2015-10-03,R,134
No Vegetation,4,2015-10-03,G,137
No Vegetation,4,2015-10-03,B,149
No Vegetation,4,2015-10-10,R,162
No Vegetation,4,2015-10-10,G,162
No Vegetation,4,2015-10-10,B,174
No Vegetation,5,2015-08-25,R,212
No Vegetation,5,2015-08-25,G,218
No Vegetation,5,2015-08-25,B,224
No Vegetation,5,2015-09-05,R,204
No Vegetation,5,2015-09-05,G,211
No Vegetation,5,2015-09-05,B,217
No Vegetation,5,2015-09-12,R,215
No Vegetation,5,2015-09-12,G,218
No Vegetation,5,2015-09-12,B,223
No Vegetation,5,2015-09-20,R,209
No Vegetation,5,2015-09-20,G,213
No Vegetation,5,2015-09-20,B,219
No Vegetation,5,2015-09-26,R,204
No Vegetation,5,2015-09-26,G,209
No Vegetation,5,2015-09-26,B,215
No Vegetation,5,2015-10-03,R,211
No Vegetation,5,2015-10-03,G,214
No Vegetation,5,2015-10-03,B,218
No Vegetation,5,2015-10-10,R,192
No Vegetation,5,2015-10-10,G,197
No Vegetation,5,2015-10-10,B,203
No Vegetation,6,2015-08-25,R,195
No Vegetation,6,2015-08-25,G,205
No Vegetation,6,2015-08-25,B,214
No Vegetation,6,2015-09-05,R,190
No Vegetation,6,2015-09-05,G,199
No Vegetation,6,2015-09-05,B,208
No Vegetation,6,2015-09-12,R,115
No Vegetation,6,2015-09-12,G,129
No Vegetation,6,2015-09-12,B,154
No Vegetation,6,2015-09-20,R,111
No Vegetation,6,2015-09-20,G,131
No Vegetation,6,2015-09-20,B,157
No Vegetation,6,2015-09-26,R,166
No Vegetation,6,2015-09-26,G,179
No Vegetation,6,2015-09-26,B,189
No Vegetation,6,2015-10-03,R,101
No Vegetation,6,2015-10-03,G,118
No Vegetation,6,2015-10-03,B,141
No Vegetation,6,2015-10-10,R,162
No Vegetation,6,2015-10-10,G,172
No Vegetation,6,2015-10-10,B,182
No Vegetation,7,2015-08-25,R,201
No Vegetation,7,2015-08-25,G,212
No Vegetation,7,2015-08-25,B,216
No Vegetation,7,2015-09-05,R,197
No Vegetation,7,2015-09-05,G,206
No Vegetation,7,2015-09-05,B,211
No Vegetation,7,2015-09-12,R,189
No Vegetation,7,2015-09-12,G,198
No Vegetation,7,2015-09-12,B,205
No Vegetation,7,2015-09-20,R,182
No Vegetation,7,2015-09-20,G,191
No Vegetation,7,2015-09-20,B,200
No Vegetation,7,2015-09-26,R,191
No Vegetation,7,2015-09-26,G,202
No Vegetation,7,2015-09-26,B,206
No Vegetation,7,2015-10-03,R,183
No Vegetation,7,2015-10-03,G,188
No Vegetation,7,2015-10-03,B,190
No Vegetation,7,2015-10-10,R,183
No Vegetation,7,2015-10-10,G,188
No Vegetation,7,2015-10-10,B,196
No Vegetation,8,2015-08-25,R,209
No Vegetation,8,2015-08-25,G,223
No Vegetation,8,2015-08-25,B,226
No Vegetation,8,2015-09-05,R,201
No Vegetation,8,2015-09-05,G,214
No Vegetation,8,2015-09-05,B,220
No Vegetation,8,2015-09-12,R,201
No Vegetation,8,2015-09-12,G,212
No Vegetation,8,2015-09-12,B,214
No Vegetation,8,2015-09-20,R,193
No Vegetation,8,2015-09-20,G,207
No Vegetation,8,2015-09-20,B,214
No Vegetation,8,2015-09-26,R,198
No Vegetation,8,2015-09-26,G,215
No Vegetation,8,2015-09-26,B,215
No Vegetation,8,2015-10-03,R,192
No Vegetation,8,2015-10-03,G,205
No Vegetation,8,2015-10-03,B,207
No Vegetation,8,2015-10-10,R,185
No Vegetation,8,2015-10-10,G,197
No Vegetation,8,2015-10-10,B,200
No Vegetation,9,2015-08-25,R,178
No Vegetation,9,2015-08-25,G,188
No Vegetation,9,2015-08-25,B,190
No Vegetation,9,2015-09-05,R,180
No Vegetation,9,2015-09-05,G,185
No Vegetation,9,2015-09-05,B,189
No Vegetation,9,2015-09-12,R,189
No Vegetation,9,2015-09-12,G,191
No Vegetation,9,2015-09-12,B,192
No Vegetation,9,2015-09-20,R,181
No Vegetation,9,2015-09-20,G,187
No Vegetation,9,2015-09-20,B,190
No Vegetation,9,2015-09-26,R,178
No Vegetation,9,2015-09-26,G,179
No Vegetation,9,2015-09-26,B,181
No Vegetation,9,2015-10-03,R,187
No Vegetation,9,2015-10-03,G,189
No Vegetation,9,2015-10-03,B,190
No Vegetation,9,2015-10-10,R,170
No Vegetation,9,2015-10-10,G,168
No Vegetation,9,2015-10-10,B,173
Rowans,0,2015-08-25,R,101
Rowans,0,2015-08-25,G,122
Rowans,0,2015-08-25,B,85
Rowans,0,2015-09-05,R,99
Rowans,0,2015-09-05,G,113
Rowans,0,2015-09-05,B,80
Rowans,0,2015-09-12,R,59
Rowans,0,2015-09-12,G,65
Rowans,0,2015-09-12,B,41
Rowans,0,2015-09-20,R,63
Rowans,0,2015-09-20,G,50
Rowans,0,2015-09-20,B,41
Rowans,0,2015-09-26,R,196
Rowans,0,2015-09-26,G,97
Rowans,0,2015-09-26,B,78
Rowans,0,2015-10-03,R,130
Rowans,0,2015-10-03,G,121
Rowans,0,2015-10-03,B,115
Rowans,0,2015-10-10,R,111
Rowans,0,2015-10-10,G,104
Rowans,0,2015-10-10,B,94
Rowans,1,2015-08-25,R,98
Rowans,1,2015-08-25,G,126
Rowans,1,2015-08-25,B,93
Rowans,1,2015-09-05,R,107
Rowans,1,2015-09-05,G,132
Rowans,1,2015-09-05,B,103
Rowans,1,2015-09-12,R,119
Rowans,1,2015-09-12,G,133
Rowans,1,2015-09-12,B,98
Rowans,1,2015-09-20,R,130
Rowans,1,2015-09-20,G,110
Rowans,1,2015-09-20,B,99
Rowans,1,2015-09-26,R,177
Rowans,1,2015-09-26,G,90
Rowans,1,2015-09-26,B,94
Rowans,1,2015-10-03,R,130
Rowans,1,2015-10-03,G,118
Rowans,1,2015-10-03,B,100
Rowans,1,2015-10-10,R,117
Rowans,1,2015-10-10,G,113
Rowans,1,2015-10-10,B,97
Rowans,2,2015-08-25,R,85
Rowans,2,2015-08-25,G,111
Rowans,2,2015-08-25,B,77
Rowans,2,2015-09-05,R,91
Rowans,2,2015-09-05,G,115
Rowans,2,2015-09-05,B,83
Rowans,2,2015-09-12,R,119
Rowans,2,2015-09-12,G,136
Rowans,2,2015-09-12,B,101
Rowans,2,2015-09-20,R,120
Rowans,2,2015-09-20,G,113
Rowans,2,2015-09-20,B,101
Rowans,2,2015-09-26,R,138
Rowans,2,2015-09-26,G,73
Rowans,2,2015-09-26,B,79
Rowans,2,2015-10-03,R,151
Rowans,2,2015-10-03,G,120
Rowans,2,2015-10-03,B,112
Rowans,2,2015-10-10,R,118
Rowans,2,2015-10-10,G,111
Rowans,2,2015-10-10,B,95
Rowans,3,2015-08-25,R,86
Rowans,3,2015-08-25,G,111
Rowans,3,2015-08-25,B,64
Rowans,3,2015-09-05,R,88
Rowans,3,2015-09-05,G,103
Rowans,3,2015-09-05,B,62
Rowans,3,2015-09-12,R,69
Rowans,3,2015-09-12,G,75
Rowans,3,2015-09-12,B,40
Rowans,3,2015-09-20,R,92
Rowans,3,2015-09-20,G,56
Rowans,3,2015-09-20,B,51
Rowans,3,2015-09-26,R,185
Rowans,3,2015-09-26,G,76
Rowans,3,2015-09-26,B,73
Rowans,3,2015-10-03,R,130
Rowans,3,2015-10-03,G,112
Rowans,3,2015-10-03,B,109
Rowans,3,2015-10-10,R,116
Rowans,3,2015-10-10,G,104
Rowans,3,2015-10-10,B,98
Rowans,4,2015-08-25,R,73
Rowans,4,2015-08-25,G,99
Rowans,4,2015-08-25,B,69
Rowans,4,2015-09-05,R,70
Rowans,4,2015-09-05,G,94
Rowans,4,2015-09-05,B,68
Rowans,4,2015-09-12,R,67
Rowans,4,2015-09-12,G,90
Rowans,4,2015-09-12,B,57
Rowans,4,2015-09-20,R,76
Rowans,4,2015-09-20,G,79
Rowans,4,2015-09-20,B,61
Rowans,4,2015-09-26,R,126
Rowans,4,2015-09-26,G,68
Rowans,4,2015-09-26,B,66
Rowans,4,2015-10-03,R,134
Rowans,4,2015-10-03,G,107
Rowans,4,2015-10-03,B,95
Rowans,4,2015-10-10,R,91
Rowans,4,2015-10-10,G,82
Rowans,4,2015-10-10,B,77
Rowans,5,2015-08-25,R,101
Rowans,5,2015-08-25,G,125
Rowans,5,2015-08-25,B,87
Rowans,5,2015-09-05,R,98
Rowans,5,2015-09-05,G,122
Rowans,5,2015-09-05,B,86
Rowans,5,2015-09-12,R,80
Rowans,5,2015-09-12,G,90
Rowans,5,2015-09-12,B,60
Rowans,5,2015-09-20,R,109
Rowans,5,2015-09-20,G,75
Rowans,5,2015-09-20,B,64
Rowans,5,2015-09-26,R,212
Rowans,5,2015-09-26,G,108
Rowans,5,2015-09-26,B,91
Rowans,5,2015-10-03,R,161
Rowans,5,2015-10-03,G,143
Rowans,5,2015-10-03,B,134
Rowans,5,2015-10-10,R,149
Rowans,5,2015-10-10,G,135
Rowans,5,2015-10-10,B,127
Rowans,6,2015-08-25,R,100
Rowans,6,2015-08-25,G,133
Rowans,6,2015-08-25,B,101
Rowans,6,2015-09-05,R,106
Rowans,6,2015-09-05,G,130
Rowans,6,2015-09-05,B,106
Rowans,6,2015-09-12,R,107
Rowans,6,2015-09-12,G,112
Rowans,6,2015-09-12,B,90
Rowans,6,2015-09-20,R,134
Rowans,6,2015-09-20,G,96
Rowans,6,2015-09-20,B,93
Rowans,6,2015-09-26,R,176
Rowans,6,2015-09-26,G,107
Rowans,6,2015-09-26,B,94
Rowans,6,2015-10-03,R,148
Rowans,6,2015-10-03,G,128
Rowans,6,2015-10-03,B,120
Rowans,6,2015-10-10,R,135
Rowans,6,2015-10-10,G,117
Rowans,6,2015-10-10,B,115
Rowans,7,2015-08-25,R,80
Rowans,7,2015-08-25,G,105
Rowans,7,2015-08-25,B,70
Rowans,7,2015-09-05,R,80
Rowans,7,2015-09-05,G,100
Rowans,7,2015-09-05,B,73
Rowans,7,2015-09-12,R,37
Rowans,7,2015-09-12,G,47
Rowans,7,2015-09-12,B,36
Rowans,7,2015-09-20,R,59
Rowans,7,2015-09-20,G,44
Rowans,7,2015-09-20,B,41
Rowans,7,2015-09-26,R,181
Rowans,7,2015-09-26,G,88
Rowans,7,2015-09-26,B,73
Rowans,7,2015-10-03,R,109
Rowans,7,2015-10-03,G,96
Rowans,7,2015-10-03,B,87
Rowans,7,2015-10-10,R,124
Rowans,7,2015-10-10,G,109
Rowans,7,2015-10-10,B,97
Rowans,8,2015-08-25,R,115
Rowans,8,2015-08-25,G,151
Rowans,8,2015-08-25,B,120
Rowans,8,2015-09-05,R,115
Rowans,8,2015-09-05,G,141
Rowans,8,2015-09-05,B,116
Rowans,8,2015-09-12,R,124
Rowans,8,2015-09-12,G,134
Rowans,8,2015-09-12,B,99
Rowans,8,2015-09-20,R,174
Rowans,8,2015-09-20,G,122
Rowans,8,2015-09-20,B,112
Rowans,8,2015-09-26,R,195
Rowans,8,2015-09-26,G,114
Rowans,8,2015-09-26,B,115
Rowans,8,2015-10-03,R,151
Rowans,8,2015-10-03,G,129
Rowans,8,2015-10-03,B,130
Rowans,8,2015-10-10,R,132
Rowans,8,2015-10-10,G,121
Rowans,8,2015-10-10,B,122
Rowans,9,2015-08-25,R,112
Rowans,9,2015-08-25,G,139
Rowans,9,2015-08-25,B,99
Rowans,9,2015-09-05,R,116
Rowans,9,2015-09-05,G,134
Rowans,9,2015-09-05,B,96
Rowans,9,2015-09-12,R,114
Rowans,9,2015-09-12,G,123
Rowans,9,2015-09-12,B,85
Rowans,9,2015-09-20,R,119
Rowans,9,2015-09-20,G,96
Rowans,9,2015-09-20,B,86
Rowans,9,2015-09-26,R,173
Rowans,9,2015-09-26,G,98
Rowans,9,2015-09-26,B,98
Rowans,9,2015-10-03,R,151
Rowans,9,2015-10-03,G,133
Rowans,9,2015-10-03,B,109
Rowans,9,2015-10-10,R,153
Rowans,9,2015-10-10,G,135
Rowans,9,2015-10-10,B,113
Golden Birch,0,2015-08-25,R,77
Golden Birch,0,2015-08-25,G,92
Golden Birch,0,2015-08-25,B,65
Golden Birch,0,2015-09-05,R,82
Golden Birch,0,2015-09-05,G,97
Golden Birch,0,2015-09-05,B,68
Golden Birch,0,2015-09-12,R,99
Golden Birch,0,2015-09-12,G,112
Golden Birch,0,2015-09-12,B,75
Golden Birch,0,2015-09-20,R,118
Golden Birch,0,2015-09-20,G,122
Golden Birch,0,2015-09-20,B,76
Golden Birch,0,2015-09-26,R,210
Golden Birch,0,2015-09-26,G,143
Golden Birch,0,2015-09-26,B,54
Golden Birch,0,2015-10-03,R,159
Golden Birch,0,2015-10-03,G,126
Golden Birch,0,2015-10-03,B,99
Golden Birch,0,2015-10-10,R,114
Golden Birch,0,2015-10-10,G,91
Golden Birch,0,2015-10-10,B,80
Golden Birch,1,2015-08-25,R,110
Golden Birch,1,2015-08-25,G,131
Golden Birch,1,2015-08-25,B,96
Golden Birch,1,2015-09-05,R,117
Golden Birch,1,2015-09-05,G,132
Golden Birch,1,2015-09-05,B,93
Golden Birch,1,2015-09-12,R,157
Golden Birch,1,2015-09-12,G,153
Golden Birch,1,2015-09-12,B,89
Golden Birch,1,2015-09-20,R,183
Golden Birch,1,2015-09-20,G,140
Golden Birch,1,2015-09-20,B,93
Golden Birch,1,2015-09-26,R,142
Golden Birch,1,2015-09-26,G,131
Golden Birch,1,2015-09-26,B,99
Golden Birch,1,2015-10-03,R,121
Golden Birch,1,2015-10-03,G,121
Golden Birch,1,2015-10-03,B,93
Golden Birch,1,2015-10-10,R,111
Golden Birch,1,2015-10-10,G,109
Golden Birch,1,2015-10-10,B,88
Golden Birch,2,2015-08-25,R,112
Golden Birch,2,2015-08-25,G,132
Golden Birch,2,2015-08-25,B,91
Golden Birch,2,2015-09-05,R,100
Golden Birch,2,2015-09-05,G,117
Golden Birch,2,2015-09-05,B,83
Golden Birch,2,2015-09-12,R,105
Golden Birch,2,2015-09-12,G,119
Golden Birch,2,2015-09-12,B,82
Golden Birch,2,2015-09-20,R,165
Golden Birch,2,2015-09-20,G,149
Golden Birch,2,2015-09-20,B,82
Golden Birch,2,2015-09-26,R,243
Golden Birch,2,2015-09-26,G,177
Golden Birch,2,2015-09-26,B,54
Golden Birch,2,2015-10-03,R,108
Golden Birch,2,2015-10-03,G,90
Golden Birch,2,2015-10-03,B,81
Golden Birch,2,2015-10-10,R,103
Golden Birch,2,2015-10-10,G,91
Golden Birch,2,2015-10-10,B,79
Golden Birch,3,2015-08-25,R,94
Golden Birch,3,2015-08-25,G,114
Golden Birch,3,2015-08-25,B,76
Golden Birch,3,2015-09-05,R,86
Golden Birch,3,2015-09-05,G,103
Golden Birch,3,2015-09-05,B,67
Golden Birch,3,2015-09-12,R,88
Golden Birch,3,2015-09-12,G,101
Golden Birch,3,2015-09-12,B,65
Golden Birch,3,2015-09-20,R,96
Golden Birch,3,2015-09-20,G,94
Golden Birch,3,2015-09-20,B,61
Golden Birch,3,2015-09-26,R,213
Golden Birch,3,2015-09-26,G,138
Golden Birch,3,2015-09-26,B,47
Golden Birch,3,2015-10-03,R,131
Golden Birch,3,2015-10-03,G,102
Golden Birch,3,2015-10-03,B,81
Golden Birch,3,2015-10-10,R,123
Golden Birch,3,2015-10-10,G,105
Golden Birch,3,2015-10-10,B,101
Golden Birch,4,2015-08-25,R,127
Golden Birch,4,2015-08-25,G,141
Golden Birch,4,2015-08-25,B,92
Golden Birch,4,2015-09-05,R,128
Golden Birch,4,2015-09-05,G,141
Golden Birch,4,2015-09-05,B,95
Golden Birch,4,2015-09-12,R,160
Golden Birch,4,2015-09-12,G,158
Golden Birch,4,2015-09-12,B,88
Golden Birch,4,2015-09-20,R,237
Golden Birch,4,2015-09-20,G,173
Golden Birch,4,2015-09-20,B,87
Golden Birch,4,2015-09-26,R,190
Golden Birch,4,2015-09-26,G,151
Golden Birch,4,2015-09-26,B,110
Golden Birch,4,2015-10-03,R,173
Golden Birch,4,2015-10-03,G,134
Golden Birch,4,2015-10-03,B,119
Golden Birch,4,2015-10-10,R,144
Golden Birch,4,2015-10-10,G,109
Golden Birch,4,2015-10-10,B,105
Golden Birch,5,2015-08-25,R,79
Golden Birch,5,2015-08-25,G,112
Golden Birch,5,2015-08-25,B,81
Golden Birch,5,2015-09-05,R,90
Golden Birch,5,2015-09-05,G,117
Golden Birch,5,2015-09-05,B,86
Golden Birch,5,2015-09-12,R,100
Golden Birch,5,2015-09-12,G,115
Golden Birch,5,2015-09-12,B,72
Golden Birch,5,2015-09-20,R,120
Golden Birch,5,2015-09-20,G,119
Golden Birch,5,2015-09-20,B,66
Golden Birch,5,2015-09-26,R,210
Golden Birch,5,2015-09-26,G,145
Golden Birch,5,2015-09-26,B,76
Golden Birch,5,2015-10-03,R,143
Golden Birch,5,2015-10-03,G,115
Golden Birch,5,2015-10-03,B,98
Golden Birch,5,2015-10-10,R,130
Golden Birch,5,2015-10-10,G,106
Golden Birch,5,2015-10-10,B,98
Golden Birch,6,2015-08-25,R,108
Golden Birch,6,2015-08-25,G,126
Golden Birch,6,2015-08-25,B,93
Golden Birch,6,2015-09-05,R,112
Golden Birch,6,2015-09-05,G,129
Golden Birch,6,2015-09-05,B,97
Golden Birch,6,2015-09-12,R,132
Golden Birch,6,2015-09-12,G,135
Golden Birch,6,2015-09-12,B,84
Golden Birch,6,2015-09-20,R,221
Golden Birch,6,2015-09-20,G,166
Golden Birch,6,2015-09-20,B,82
Golden Birch,6,2015-09-26,R,152
Golden Birch,6,2015-09-26,G,122
Golden Birch,6,2015-09-26,B,96
Golden Birch,6,2015-10-03,R,137
Golden Birch,6,2015-10-03,G,122
Golden Birch,6,2015-10-03,B,99
Golden Birch,6,2015-10-10,R,115
Golden Birch,6,2015-10-10,G,96
Golden Birch,6,2015-10-10,B,89
Golden Birch,7,2015-08-25,R,120
Golden Birch,7,2015-08-25,G,138
Golden Birch,7,2015-08-25,B,83
Golden Birch,7,2015-09-05,R,121
Golden Birch,7,2015-09-05,G,141
Golden Birch,7,2015-09-05,B,88
Golden Birch,7,2015-09-12,R,139
Golden Birch,7,2015-09-12,G,154
Golden Birch,7,2015-09-12,B,84
Golden Birch,7,2015-09-20,R,244
Golden Birch,7,2015-09-20,G,192
Golden Birch,7,2015-09-20,B,100
Golden Birch,7,2015-09-26,R,153
Golden Birch,7,2015-09-26,G,133
Golden Birch,7,2015-09-26,B,95
Golden Birch,7,2015-10-03,R,117
Golden Birch,7,2015-10-03,G,109
Golden Birch,7,2015-10-03,B,82
Golden Birch,7,2015-10-10,R,104
Golden Birch,7,2015-10-10,G,96
Golden Birch,7,2015-10-10,B,75
Golden Birch,8,2015-08-25,R,98
Golden Birch,8,2015-08-25,G,124
Golden Birch,8,2015-08-25,B,99
Golden Birch,8,2015-09-05,R,99
Golden Birch,8,2015-09-05,G,117
Golden Birch,8,2015-09-05,B,93
Golden Birch,8,2015-09-12,R,108
Golden Birch,8,2015-09-12,G,122
Golden Birch,8,2015-09-12,B,88
Golden Birch,8,2015-09-20,R,162
Golden Birch,8,2015-09-20,G,139
Golden Birch,8,2015-09-20,B,72
Golden Birch,8,2015-09-26,R,210
Golden Birch,8,2015-09-26,G,169
Golden Birch,8,2015-09-26,B,105
Golden Birch,8,2015-10-03,R,138
Golden Birch,8,2015-10-03,G,124
Golden Birch,8,2015-10-03,B,97
Golden Birch,8,2015-10-10,R,129
Golden Birch,8,2015-10-10,G,112
Golden Birch,8,2015-10-10,B,99
Golden Birch,9,2015-08-25,R,112
Golden Birch,9,2015-08-25,G,136
Golden Birch,9,2015-08-25,B,101
Golden Birch,9,2015-09-05,R,117
Golden Birch,9,2015-09-05,G,131
Golden Birch,9,2015-09-05,B,95
Golden Birch,9,2015-09-12,R,125
Golden Birch,9,2015-09-12,G,139
Golden Birch,9,2015-09-12,B,92
Golden Birch,9,2015-09-20,R,225
Golden Birch,9,2015-09-20,G,176
Golden Birch,9,2015-09-20,B,78
Golden Birch,9,2015-09-26,R,178
Golden Birch,9,2015-09-26,G,135
Golden Birch,9,2015-09-26,B,91
Golden Birch,9,2015-10-03,R,137
Golden Birch,9,2015-10-03,G,129
Golden Birch,9,2015-10-03,B,94
Golden Birch,9,2015-10-10,R,119
Golden Birch,9,2015-10-10,G,111
Golden Birch,9,2015-10-10,B,92
Montane Alder,0,2015-08-25,R,137
Montane Alder,0,2015-08-25,G,159
Montane Alder,0,2015-08-25,B,121
Montane Alder,0,2015-09-05,R,121
Montane Alder,0,2015-09-05,G,147
Montane Alder,0,2015-09-05,B,112
Montane Alder,0,2015-09-12,R,127
Montane Alder,0,2015-09-12,G,143
Montane Alder,0,2015-09-12,B,103
Montane Alder,0,2015-09-20,R,140
Montane Alder,0,2015-09-20,G,152
Montane Alder,0,2015-09-20,B,111
Montane Alder,0,2015-09-26,R,144
Montane Alder,0,2015-09-26,G,146
Montane Alder,0,2015-09-26,B,109
Montane Alder,0,2015-10-03,R,143
Montane Alder,0,2015-10-03,G,138
Montane Alder,0,2015-10-03,B,103
Montane Alder,0,2015-10-10,R,135
Montane Alder,0,2015-10-10,G,120
Montane Alder,0,2015-10-10,B,101
Montane Alder,1,2015-08-25,R,106
Montane Alder,1,2015-08-25,G,123
Montane Alder,1,2015-08-25,B,105
Montane Alder,1,2015-09-05,R,99
Montane Alder,1,2015-09-05,G,117
Montane Alder,1,2015-09-05,B,95
Montane Alder,1,2015-09-12,R,111
Montane Alder,1,2015-09-12,G,114
Montane Alder,1,2015-09-12,B,103
Montane Alder,1,2015-09-20,R,100
Montane Alder,1,2015-09-20,G,98
Montane Alder,1,2015-09-20,B,84
Montane Alder,1,2015-09-26,R,113
Montane Alder,1,2015-09-26,G,102
Montane Alder,1,2015-09-26,B,84
Montane Alder,1,2015-10-03,R,112
Montane Alder,1,2015-10-03,G,98
Montane Alder,1,2015-10-03,B,98
Montane Alder,1,2015-10-10,R,116
Montane Alder,1,2015-10-10,G,104
Montane Alder,1,2015-10-10,B,104
Montane Alder,2,2015-08-25,R,98
Montane Alder,2,2015-08-25,G,115
Montane Alder,2,2015-08-25,B,95
Montane Alder,2,2015-09-05,R,69
Montane Alder,2,2015-09-05,G,83
Montane Alder,2,2015-09-05,B,66
Montane Alder,2,2015-09-12,R,66
Montane Alder,2,2015-09-12,G,77
Montane Alder,2,2015-09-12,B,58
Montane Alder,2,2015-09-20,R,117
Montane Alder,2,2015-09-20,G,113
Montane Alder,2,2015-09-20,B,84
Montane Alder,2,2015-09-26,R,97
Montane Alder,2,2015-09-26,G,91
Montane Alder,2,2015-09-26,B,67
Montane Alder,2,2015-10-03,R,131
Montane Alder,2,2015-10-03,G,113
Montane Alder,2,2015-10-03,B,98
Montane Alder,2,2015-10-10,R,122
Montane Alder,2,2015-10-10,G,103
Montane Alder,2,2015-10-10,B,91
Montane Alder,3,2015-08-25,R,107
Montane Alder,3,2015-08-25,G,129
Montane Alder,3,2015-08-25,B,96
Montane Alder,3,2015-09-05,R,96
Montane Alder,3,2015-09-05,G,117
Montane Alder,3,2015-09-05,B,86
Montane Alder,3,2015-09-12,R,91
Montane Alder,3,2015-09-12,G,105
Montane Alder,3,2015-09-12,B,75
Montane Alder,3,2015-09-20,R,96
Montane Alder,3,2015-09-20,G,110
Montane Alder,3,2015-09-20,B,76
Montane Alder,3,2015-09-26,R,110
Montane Alder,3,2015-09-26,G,121
Montane Alder,3,2015-09-26,B,78
Montane Alder,3,2015-10-03,R,113
Montane Alder,3,2015-10-03,G,114
Montane Alder,3,2015-10-03,B,77
Montane Alder,3,2015-10-10,R,118
Montane Alder,3,2015-10-10,G,109
Montane Alder,3,2015-10-10,B,98
Montane Alder,4,2015-08-25,R,113
Montane Alder,4,2015-08-25,G,133
Montane Alder,4,2015-08-25,B,103
Montane Alder,4,2015-09-05,R,92
Montane Alder,4,2015-09-05,G,110
Montane Alder,4,2015-09-05,B,88
Montane Alder,4,2015-09-12,R,66
Montane Alder,4,2015-09-12,G,80
Montane Alder,4,2015-09-12,B,50
Montane Alder,4,2015-09-20,R,103
Montane Alder,4,2015-09-20,G,106
Montane Alder,4,2015-09-20,B,78
Montane Alder,4,2015-09-26,R,119
Montane Alder,4,2015-09-26,G,105
Montane Alder,4,2015-09-26,B,79
Montane Alder,4,2015-10-03,R,124
Montane Alder,4,2015-10-03,G,104
Montane Alder,4,2015-10-03,B,91
Montane Alder,4,2015-10-10,R,122
Montane Alder,4,2015-10-10,G,100
Montane Alder,4,2015-10-10,B,92
Montane Alder,5,2015-08-25,R,115
Montane Alder,5,2015-08-25,G,140
Montane Alder,5,2015-08-25,B,107
Montane Alder,5,2015-09-05,R,111
Montane Alder,5,2015-09-05,G,125
Montane Alder,5,2015-09-05,B,99
Montane Alder,5,2015-09-12,R,98
Montane Alder,5,2015-09-12,G,103
Montane Alder,5,2015-09-12,B,82
Montane Alder,5,2015-09-20,R,106
Montane Alder,5,2015-09-20,G,94
Montane Alder,5,2015-09-20,B,78
Montane Alder,5,2015-09-26,R,160
Montane Alder,5,2015-09-26,G,130
Montane Alder,5,2015-09-26,B,105
Montane Alder,5,2015-10-03,R,173
Montane Alder,5,2015-10-03,G,156
Montane Alder,5,2015-10-03,B,136
Montane Alder,5,2015-10-10,R,173
Montane Alder,5,2015-10-10,G,155
Montane Alder,5,2015-10-10,B,137
Montane Alder,6,2015-08-25,R,112
Montane Alder,6,2015-08-25,G,131
Montane Alder,6,2015-08-25,B,106
Montane Alder,6,2015-09-05,R,119
Montane Alder,6,2015-09-05,G,124
Montane Alder,6,2015-09-05,B,104
Montane Alder,6,2015-09-12,R,135
Montane Alder,6,2015-09-12,G,124
Montane Alder,6,2015-09-12,B,99
Montane Alder,6,2015-09-20,R,138
Montane Alder,6,2015-09-20,G,120
Montane Alder,6,2015-09-20,B,102
Montane Alder,6,2015-09-26,R,138
Montane Alder,6,2015-09-26,G,120
Montane Alder,6,2015-09-26,B,106
Montane Alder,6,2015-10-03,R,158
Montane Alder,6,2015-10-03,G,141
Montane Alder,6,2015-10-03,B,117
Montane Alder,6,2015-10-10,R,146
Montane Alder,6,2015-10-10,G,128
Montane Alder,6,2015-10-10,B,116
Montane Alder,7,2015-08-25,R,89
Montane Alder,7,2015-08-25,G,110
Montane Alder,7,2015-08-25,B,94
Montane Alder,7,2015-09-05,R,78
Montane Alder,7,2015-09-05,G,94
Montane Alder,7,2015-09-05,B,83
Montane Alder,7,2015-09-12,R,51
Montane Alder,7,2015-09-12,G,56
Montane Alder,7,2015-09-12,B,52
Montane Alder,7,2015-09-20,R,52
Montane Alder,7,2015-09-20,G,52
Montane Alder,7,2015-09-20,B,51
Montane Alder,7,2015-09-26,R,122
Montane Alder,7,2015-09-26,G,106
Montane Alder,7,2015-09-26,B,93
Montane Alder,7,2015-10-03,R,109
Montane Alder,7,2015-10-03,G,110
Montane Alder,7,2015-10-03,B,101
Montane Alder,7,2015-10-10,R,115
Montane Alder,7,2015-10-10,G,106
Montane Alder,7,2015-10-10,B,99
Montane Alder,8,2015-08-25,R,86
Montane Alder,8,2015-08-25,G,106
Montane Alder,8,2015-08-25,B,89
Montane Alder,8,2015-09-05,R,81
Montane Alder,8,2015-09-05,G,99
Montane Alder,8,2015-09-05,B,85
Montane Alder,8,2015-09-12,R,68
Montane Alder,8,2015-09-12,G,77
Montane Alder,8,2015-09-12,B,64
Montane Alder,8,2015-09-20,R,79
Montane Alder,8,2015-09-20,G,81
Montane Alder,8,2015-09-20,B,68
Montane Alder,8,2015-09-26,R,102
Montane Alder,8,2015-09-26,G,94
Montane Alder,8,2015-09-26,B,81
Montane Alder,8,2015-10-03,R,121
Montane Alder,8,2015-10-03,G,111
Montane Alder,8,2015-10-03,B,107
Montane Alder,8,2015-10-10,R,113
Montane Alder,8,2015-10-10,G,107
Montane Alder,8,2015-10-10,B,109
Montane Alder,9,2015-08-25,R,91
Montane Alder,9,2015-08-25,G,121
Montane Alder,9,2015-08-25,B,92
Montane Alder,9,2015-09-05,R,97
Montane Alder,9,2015-09-05,G,116
Montane Alder,9,2015-09-05,B,94
Montane Alder,9,2015-09-12,R,92
Montane Alder,9,2015-09-12,G,102
Montane Alder,9,2015-09-12,B,77
Montane Alder,9,2015-09-20,R,92
Montane Alder,9,2015-09-20,G,95
Montane Alder,9,2015-09-20,B,70
Montane Alder,9,2015-09-26,R,107
Montane Alder,9,2015-09-26,G,94
Montane Alder,9,2015-09-26,B,77
Montane Alder,9,2015-10-03,R,144
Montane Alder,9,2015-10-03,G,127
Montane Alder,9,2015-10-03,B,112
Montane Alder,9,2015-10-10,R,133
Montane Alder,9,2015-10-10,G,113
Montane Alder,9,2015-10-10,B,102
Dwarf Pine,0,2015-08-25,R,99
Dwarf Pine,0,2015-08-25,G,113
Dwarf Pine,0,2015-08-25,B,85
Dwarf Pine,0,2015-09-05,R,104
Dwarf Pine,0,2015-09-05,G,113
Dwarf Pine,0,2015-09-05,B,86
Dwarf Pine,0,2015-09-12,R,94
Dwarf Pine,0,2015-09-12,G,101
Dwarf Pine,0,2015-09-12,B,69
Dwarf Pine,0,2015-09-20,R,87
Dwarf Pine,0,2015-09-20,G,89
Dwarf Pine,0,2015-09-20,B,67
Dwarf Pine,0,2015-09-26,R,96
Dwarf Pine,0,2015-09-26,G,100
Dwarf Pine,0,2015-09-26,B,76
Dwarf Pine,0,2015-10-03,R,83
Dwarf Pine,0,2015-10-03,G,87
Dwarf Pine,0,2015-10-03,B,63
Dwarf Pine,0,2015-10-10,R,92
Dwarf Pine,0,2015-10-10,G,94
Dwarf Pine,0,2015-10-10,B,78
Dwarf Pine,1,2015-08-25,R,123
Dwarf Pine,1,2015-08-25,G,140
Dwarf Pine,1,2015-08-25,B,121
Dwarf Pine,1,2015-09-05,R,122
Dwarf Pine,1,2015-09-05,G,139
Dwarf Pine,1,2015-09-05,B,123
Dwarf Pine,1,2015-09-12,R,106
Dwarf Pine,1,2015-09-12,G,120
Dwarf Pine,1,2015-09-12,B,98
Dwarf Pine,1,2015-09-20,R,108
Dwarf Pine,1,2015-09-20,G,116
Dwarf Pine,1,2015-09-20,B,101
Dwarf Pine,1,2015-09-26,R,112
Dwarf Pine,1,2015-09-26,G,119
Dwarf Pine,1,2015-09-26,B,101
Dwarf Pine,1,2015-10-03,R,103
Dwarf Pine,1,2015-10-03,G,113
Dwarf Pine,1,2015-10-03,B,94
Dwarf Pine,1,2015-10-10,R,103
Dwarf Pine,1,2015-10-10,G,113
Dwarf Pine,1,2015-10-10,B,101
Dwarf Pine,2,2015-08-25,R,106
Dwarf Pine,2,2015-08-25,G,123
Dwarf Pine,2,2015-08-25,B,87
Dwarf Pine,2,2015-09-05,R,103
Dwarf Pine,2,2015-09-05,G,118
Dwarf Pine,2,2015-09-05,B,89
Dwarf Pine,2,2015-09-12,R,79
Dwarf Pine,2,2015-09-12,G,90
Dwarf Pine,2,2015-09-12,B,60
Dwarf Pine,2,2015-09-20,R,77
Dwarf Pine,2,2015-09-20,G,86
Dwarf Pine,2,2015-09-20,B,66
Dwarf Pine,2,2015-09-26,R,101
Dwarf Pine,2,2015-09-26,G,111
Dwarf Pine,2,2015-09-26,B,86
Dwarf Pine,2,2015-10-03,R,69
Dwarf Pine,2,2015-10-03,G,78
Dwarf Pine,2,2015-10-03,B,56
Dwarf Pine,2,2015-10-10,R,89
Dwarf Pine,2,2015-10-10,G,96
Dwarf Pine,2,2015-10-10,B,79
Dwarf Pine,3,2015-08-25,R,97
Dwarf Pine,3,2015-08-25,G,116
Dwarf Pine,3,2015-08-25,B,97
Dwarf Pine,3,2015-09-05,R,105
Dwarf Pine,3,2015-09-05,G,113
Dwarf Pine,3,2015-09-05,B,98
Dwarf Pine,3,2015-09-12,R,98
Dwarf Pine,3,2015-09-12,G,104
Dwarf Pine,3,2015-09-12,B,80
Dwarf Pine,3,2015-09-20,R,97
Dwarf Pine,3,2015-09-20,G,102
Dwarf Pine,3,2015-09-20,B,84
Dwarf Pine,3,2015-09-26,R,98
Dwarf Pine,3,2015-09-26,G,102
Dwarf Pine,3,2015-09-26,B,85
Dwarf Pine,3,2015-10-03,R,96
Dwarf Pine,3,2015-10-03,G,101
Dwarf Pine,3,2015-10-03,B,81
Dwarf Pine,3,2015-10-10,R,90
Dwarf Pine,3,2015-10-10,G,93
Dwarf Pine,3,2015-10-10,B,82
Dwarf Pine,4,2015-08-25,R,120
Dwarf Pine,4,2015-08-25,G,143
Dwarf Pine,4,2015-08-25,B,129
Dwarf Pine,4,2015-09-05,R,119
Dwarf Pine,4,2015-09-05,G,142
Dwarf Pine,4,2015-09-05,B,126
Dwarf Pine,4,2015-09-12,R,97
Dwarf Pine,4,2015-09-12,G,115
Dwarf Pine,4,2015-09-12,B,95
Dwarf Pine,4,2015-09-20,R,103
Dwarf Pine,4,2015-09-20,G,118
Dwarf Pine,4,2015-09-20,B,106
Dwarf Pine,4,2015-09-26,R,105
Dwarf Pine,4,2015-09-26,G,118
Dwarf Pine,4,2015-09-26,B,98
Dwarf Pine,4,2015-10-03,R,92
Dwarf Pine,4,2015-10-03,G,105
Dwarf Pine,4,2015-10-03,B,86
Dwarf Pine,4,2015-10-10,R,101
Dwarf Pine,4,2015-10-10,G,110
Dwarf Pine,4,2015-10-10,B,101
Dwarf Pine,5,2015-08-25,R,99
Dwarf Pine,5,2015-08-25,G,112
Dwarf Pine,5,2015-08-25,B,95
Dwarf Pine,5,2015-09-05,R,104
Dwarf Pine,5,2015-09-05,G,116
Dwarf Pine,5,2015-09-05,B,102
Dwarf Pine,5,2015-09-12,R,94
Dwarf Pine,5,2015-09-12,G,102
Dwarf Pine,5,2015-09-12,B,82
Dwarf Pine,5,2015-09-20,R,85
Dwarf Pine,5,2015-09-20,G,91
Dwarf Pine,5,2015-09-20,B,77
Dwarf Pine,5,2015-09-26,R,89
Dwarf Pine,5,2015-09-26,G,98
Dwarf Pine,5,2015-09-26,B,82
Dwarf Pine,5,2015-10-03,R,75
Dwarf Pine,5,2015-10-03,G,81
Dwarf Pine,5,2015-10-03,B,63
Dwarf Pine,5,2015-10-10,R,75
Dwarf Pine,5,2015-10-10,G,81
Dwarf Pine,5,2015-10-10,B,69
Dwarf Pine,6,2015-08-25,R,161
Dwarf Pine,6,2015-08-25,G,171
Dwarf Pine,6,2015-08-25,B,171
Dwarf Pine,6,2015-09-05,R,155
Dwarf Pine,6,2015-09-05,G,166
Dwarf Pine,6,2015-09-05,B,162
Dwarf Pine,6,2015-09-12,R,134
Dwarf Pine,6,2015-09-12,G,138
Dwarf Pine,6,2015-09-12,B,135
Dwarf Pine,6,2015-09-20,R,132
Dwarf Pine,6,2015-09-20,G,140
Dwarf Pine,6,2015-09-20,B,143
Dwarf Pine,6,2015-09-26,R,139
Dwarf Pine,6,2015-09-26,G,143
Dwarf Pine,6,2015-09-26,B,137
Dwarf Pine,6,2015-10-03,R,119
Dwarf Pine,6,2015-10-03,G,122
Dwarf Pine,6,2015-10-03,B,119
Dwarf Pine,6,2015-10-10,R,137
Dwarf Pine,6,2015-10-10,G,138
Dwarf Pine,6,2015-10-10,B,141
Dwarf Pine,7,2015-08-25,R,95
Dwarf Pine,7,2015-08-25,G,113
Dwarf Pine,7,2015-08-25,B,94
Dwarf Pine,7,2015-09-05,R,104
Dwarf Pine,7,2015-09-05,G,115
Dwarf Pine,7,2015-09-05,B,101
Dwarf Pine,7,2015-09-12,R,92
Dwarf Pine,7,2015-09-12,G,100
Dwarf Pine,7,2015-09-12,B,79
Dwarf Pine,7,2015-09-20,R,88
Dwarf Pine,7,2015-09-20,G,98
Dwarf Pine,7,2015-09-20,B,80
Dwarf Pine,7,2015-09-26,R,90
Dwarf Pine,7,2015-09-26,G,98
Dwarf Pine,7,2015-09-26,B,81
Dwarf Pine,7,2015-10-03,R,76
Dwarf Pine,7,2015-10-03,G,85
Dwarf Pine,7,2015-10-03,B,65
Dwarf Pine,7,2015-10-10,R,83
Dwarf Pine,7,2015-10-10,G,91
Dwarf Pine,7,2015-10-10,B,80
Dwarf Pine,8,2015-08-25,R,137
Dwarf Pine,8,2015-08-25,G,148
Dwarf Pine,8,2015-08-25,B,104
Dwarf Pine,8,2015-09-05,R,134
Dwarf Pine,8,2015-09-05,G,142
Dwarf Pine,8,2015-09-05,B,105
Dwarf Pine,8,2015-09-12,R,117
Dwarf Pine,8,2015-09-12,G,127
Dwarf Pine,8,2015-09-12,B,85
Dwarf Pine,8,2015-09-20,R,113
Dwarf Pine,8,2015-09-20,G,118
Dwarf Pine,8,2015-09-20,B,80
Dwarf Pine,8,2015-09-26,R,127
Dwarf Pine,8,2015-09-26,G,130
Dwarf Pine,8,2015-09-26,B,93
Dwarf Pine,8,2015-10-03,R,110
Dwarf Pine,8,2015-10-03,G,115
Dwarf Pine,8,2015-10-03,B,77
Dwarf Pine,8,2015-10-10,R,119
Dwarf Pine,8,2015-10-10,G,120
Dwarf Pine,8,2015-10-10,B,89
Dwarf Pine,9,2015-08-25,R,114
Dwarf Pine,9,2015-08-25,G,128
Dwarf Pine,9,2015-08-25,B,102
Dwarf Pine,9,2015-09-05,R,114
Dwarf Pine,9,2015-09-05,G,123
Dwarf Pine,9,2015-09-05,B,104
Dwarf Pine,9,2015-09-12,R,97
Dwarf Pine,9,2015-09-12,G,106
Dwarf Pine,9,2015-09-12,B,82
Dwarf Pine,9,2015-09-20,R,91
Dwarf Pine,9,2015-09-20,G,98
Dwarf Pine,9,2015-09-20,B,80
Dwarf Pine,9,2015-09-26,R,94
Dwarf Pine,9,2015-09-26,G,102
Dwarf Pine,9,2015-09-26,B,78
Dwarf Pine,9,2015-10-03,R,81
Dwarf Pine,9,2015-10-03,G,84
Dwarf Pine,9,2015-10-03,B,65
Dwarf Pine,9,2015-10-10,R,94
Dwarf Pine,9,2015-10-10,G,97
Dwarf Pine,9,2015-10-10,B,84
